{
    "loss": 1.7069100141525269,
    "accuracy": 0.6206896305084229
}